[
	{
		"constant": true,
		"inputs": [
			{
				"name": "",
				"type": "uint256"
			}
		],
		"name": "tips",
		"outputs": [
			{
				"name": "description",
				"type": "string"
			},
			{
				"name": "state",
				"type": "uint8"
			},
			{
				"name": "pub",
				"type": "bool"
			},
			{
				"name": "fileaddress",
				"type": "address"
			},
			{
				"name": "bountyID",
				"type": "uint256"
			}
		],
		"payable": false,
		"stateMutability": "view",
		"type": "function"
	},
	{
		"constant": true,
		"inputs": [
			{
				"name": "",
				"type": "uint256"
			}
		],
		"name": "tipToOwner",
		"outputs": [
			{
				"name": "",
				"type": "address"
			}
		],
		"payable": false,
		"stateMutability": "view",
		"type": "function"
	},
	{
		"constant": true,
		"inputs": [
			{
				"name": "",
				"type": "uint256"
			}
		],
		"name": "bounties",
		"outputs": [
			{
				"name": "description",
				"type": "string"
			},
			{
				"name": "state",
				"type": "uint8"
			},
			{
				"name": "fileHash",
				"type": "address"
			},
			{
				"name": "amount",
				"type": "uint256"
			}
		],
		"payable": false,
		"stateMutability": "view",
		"type": "function"
	},
	{
		"constant": true,
		"inputs": [
			{
				"name": "",
				"type": "uint256"
			}
		],
		"name": "bountyToOwner",
		"outputs": [
			{
				"name": "",
				"type": "address"
			}
		],
		"payable": false,
		"stateMutability": "view",
		"type": "function"
	},
	{
		"constant": true,
		"inputs": [],
		"name": "getBountyCount",
		"outputs": [
			{
				"name": "",
				"type": "uint256"
			}
		],
		"payable": false,
		"stateMutability": "view",
		"type": "function"
	},
	{
		"constant": true,
		"inputs": [],
		"name": "owner",
		"outputs": [
			{
				"name": "",
				"type": "address"
			}
		],
		"payable": false,
		"stateMutability": "view",
		"type": "function"
	},
	{
		"constant": true,
		"inputs": [],
		"name": "getTipCount",
		"outputs": [
			{
				"name": "",
				"type": "uint256"
			}
		],
		"payable": false,
		"stateMutability": "view",
		"type": "function"
	},
	{
		"constant": false,
		"inputs": [],
		"name": "killContract",
		"outputs": [],
		"payable": false,
		"stateMutability": "nonpayable",
		"type": "function"
	},
	{
		"anonymous": false,
		"inputs": [
			{
				"indexed": false,
				"name": "bountyId",
				"type": "uint256"
			},
			{
				"indexed": false,
				"name": "description",
				"type": "string"
			},
			{
				"indexed": false,
				"name": "amount",
				"type": "uint256"
			}
		],
		"name": "NewBounty",
		"type": "event"
	},
	{
		"constant": false,
		"inputs": [
			{
				"name": "_newAddress",
				"type": "address"
			}
		],
		"name": "updateZtipsContractAddress",
		"outputs": [],
		"payable": false,
		"stateMutability": "nonpayable",
		"type": "function"
	},
	{
		"anonymous": false,
		"inputs": [
			{
				"indexed": false,
				"name": "tipId",
				"type": "uint256"
			},
			{
				"indexed": false,
				"name": "description",
				"type": "string"
			},
			{
				"indexed": false,
				"name": "state",
				"type": "uint256"
			},
			{
				"indexed": false,
				"name": "pub",
				"type": "bool"
			}
		],
		"name": "NewTip",
		"type": "event"
	},
	{
		"anonymous": false,
		"inputs": [
			{
				"indexed": true,
				"name": "previousOwner",
				"type": "address"
			},
			{
				"indexed": true,
				"name": "newOwner",
				"type": "address"
			}
		],
		"name": "OwnershipTransferred",
		"type": "event"
	},
	{
		"anonymous": false,
		"inputs": [
			{
				"indexed": false,
				"name": "bountyID",
				"type": "uint256"
			},
			{
				"indexed": false,
				"name": "condition1",
				"type": "string"
			},
			{
				"indexed": false,
				"name": "condition2",
				"type": "string"
			},
			{
				"indexed": false,
				"name": "condition3",
				"type": "string"
			},
			{
				"indexed": false,
				"name": "filehash",
				"type": "address"
			}
		],
		"name": "tipReceived",
		"type": "event"
	},
	{
		"inputs": [
			{
				"name": "_adminAddress",
				"type": "address"
			},
			{
				"name": "_ztpsAddress",
				"type": "address"
			}
		],
		"payable": false,
		"stateMutability": "nonpayable",
		"type": "constructor"
	},
	{
		"constant": false,
		"inputs": [
			{
				"name": "_from",
				"type": "address"
			},
			{
				"name": "_value",
				"type": "uint256"
			},
			{
				"name": "_token",
				"type": "address"
			},
			{
				"name": "_extraData",
				"type": "bytes"
			}
		],
		"name": "receiveApproval",
		"outputs": [],
		"payable": false,
		"stateMutability": "nonpayable",
		"type": "function"
	},
	{
		"constant": false,
		"inputs": [],
		"name": "pause",
		"outputs": [],
		"payable": false,
		"stateMutability": "nonpayable",
		"type": "function"
	},
	{
		"constant": false,
		"inputs": [
			{
				"name": "newOwner",
				"type": "address"
			}
		],
		"name": "transferOwnership",
		"outputs": [],
		"payable": false,
		"stateMutability": "nonpayable",
		"type": "function"
	}
]